dataset,condition,n_seeds,final_gini_mean,final_gini_std,ci95_low,ci95_high,trajectory_rmse
taxi,Full_SMIC,200,0.008232276810111351,0.0012545479923420724,0.008057344664825916,0.008407208955396787,0.0024751971688146916
taxi,remove_M,200,0.004545832881423123,0.0005315695451765688,0.004471711682813142,0.004619954080033105,0.023838708513232987
taxi,remove_I,200,0.2039977508321315,0.01146062960495226,0.20239969915507025,0.20559580250919277,0.0013559077460717917
taxi,remove_C,200,0.008035177045848914,0.0010300401083122967,0.007891549917212146,0.008178804174485682,0.0079569472159822
taxi,remove_S,200,0.004545832881423123,0.0005315695451765688,0.004471711682813142,0.004619954080033105,0.023838708513232987
taxi,SMI,200,0.008035177045848914,0.0010300401083122967,0.007891549917212146,0.008178804174485682,0.0079569472159822
taxi,SIC,200,0.004545832881423123,0.0005315695451765688,0.004471711682813142,0.004619954080033105,0.023838708513232987
taxi,MIC,200,0.004545832881423123,0.0005315695451765688,0.004471711682813142,0.004619954080033105,0.023838708513232987
taxi,MI,200,0.004545832881423123,0.0005315695451765688,0.004471711682813142,0.004619954080033105,0.023838708513232987
taxi,M_only,200,0.004545832881423123,0.0005315695451765688,0.004471711682813142,0.004619954080033105,0.023838708513232987
electricity,Full_SMIC,200,0.1643050835862075,0.006100757883328054,0.1634544037629468,0.1651557634094682,0.0027741990861833267
electricity,remove_M,200,0.004545832881423123,0.0005315695451765688,0.004471711682813142,0.004619954080033105,0.04133562339930396
electricity,remove_I,200,0.3504726088136034,0.012525124079977055,0.3487261257466733,0.3522190918805336,0.0018375981986104386
electricity,remove_C,200,0.008035177045848914,0.0010300401083122956,0.007891549917212146,0.008178804174485682,0.01164697802974465
electricity,remove_S,200,0.004545832881423123,0.0005315695451765688,0.004471711682813142,0.004619954080033105,0.04133562339930396
electricity,SMI,200,0.008035177045848914,0.0010300401083122956,0.007891549917212146,0.008178804174485682,0.01164697802974465
electricity,SIC,200,0.004545832881423123,0.0005315695451765688,0.004471711682813142,0.004619954080033105,0.04133562339930396
electricity,MIC,200,0.004545832881423123,0.0005315695451765688,0.004471711682813142,0.004619954080033105,0.04133562339930396
electricity,MI,200,0.004545832881423123,0.0005315695451765688,0.004471711682813142,0.004619954080033105,0.04133562339930396
electricity,M_only,200,0.004545832881423123,0.0005315695451765688,0.004471711682813142,0.004619954080033105,0.04133562339930396
